id,tool,category,label,file,n_reads,bytes_read,min_size,median_size,p99_size,max_size,unique_byte_coverage,coverage_pct,redundancy,sequential_pct,monotonic_pct,max_seek_back,n_passes,elapsed_s,first_offset,last_offset_end,n_streams,n_minor_streams,dominant_stream_bytes_pct
p19_freq,plink1.9,scan,--freq (full scan),bed,1901,248693753,1017,131072,131072,131072,248693753,100.0,1.0,99.9,99.9,248692736,1,2.826,248692736,248692736,1,1,100.0
p19_freq,plink1.9,scan,--freq (full scan),bim,201,25988112,16384,131072,131072,131072,25988112,100.0,1.0,100.0,100.0,0,0,0.335,0,25988112,1,0,100.0
p19_freq,plink1.9,scan,--freq (full scan),fam,2,24780,8396,12390,16304,16384,24780,100.0,1.0,100.0,100.0,0,0,0.0,0,24780,0,1,0.0
p19_missing,plink1.9,scan,--missing,bed,1901,248693753,1017,131072,131072,131072,248693753,100.0,1.0,99.9,99.9,248692736,1,2.712,248692736,248692736,1,1,100.0
p19_missing,plink1.9,scan,--missing,bim,201,25988112,16384,131072,131072,131072,25988112,100.0,1.0,100.0,100.0,0,0,0.303,0,25988112,1,0,100.0
p19_missing,plink1.9,scan,--missing,fam,2,24780,8396,12390,16304,16384,24780,100.0,1.0,100.0,100.0,0,0,0.001,0,24780,0,1,0.0
p19_hardy,plink1.9,scan,--hardy,bed,1901,248693753,1017,131072,131072,131072,248693753,100.0,1.0,99.9,99.9,248692736,1,2.586,248692736,248692736,1,1,100.0
p19_hardy,plink1.9,scan,--hardy,bim,201,25988112,16384,131072,131072,131072,25988112,100.0,1.0,100.0,100.0,0,0,0.306,0,25988112,1,0,100.0
p19_hardy,plink1.9,scan,--hardy,fam,2,24780,8396,12390,16304,16384,24780,100.0,1.0,100.0,100.0,0,0,0.001,0,24780,0,1,0.0
p19_het,plink1.9,scan,--het,bed,1901,248693753,1017,131072,131072,131072,248693753,100.0,1.0,99.9,99.9,248692736,1,2.733,248692736,248692736,1,1,100.0
p19_het,plink1.9,scan,--het,bim,201,25988112,16384,131072,131072,131072,25988112,100.0,1.0,100.0,100.0,0,0,0.295,0,25988112,1,0,100.0
p19_het,plink1.9,scan,--het,fam,2,24780,8396,12390,16304,16384,24780,100.0,1.0,100.0,100.0,0,0,0.001,0,24780,0,1,0.0
p2_freq,plink2,scan,--freq (full scan),bed,1901,248693753,1017,131072,131072,131072,248693753,100.0,1.0,99.9,99.9,248692736,1,2.624,248692736,248692736,1,1,100.0
p2_freq,plink2,scan,--freq (full scan),bim,201,25988112,16384,131072,131072,131072,25988112,100.0,1.0,100.0,100.0,0,0,0.295,0,25988112,1,0,100.0
p2_freq,plink2,scan,--freq (full scan),fam,2,24780,8396,12390,16304,16384,24780,100.0,1.0,100.0,100.0,0,0,0.001,0,24780,0,1,0.0
p2_missing,plink2,scan,--missing,bed,1901,248693753,1017,131072,131072,131072,248693753,100.0,1.0,99.9,99.9,248692736,1,2.662,248692736,248692736,1,1,100.0
p2_missing,plink2,scan,--missing,bim,201,25988112,16384,131072,131072,131072,25988112,100.0,1.0,100.0,100.0,0,0,0.287,0,25988112,1,0,100.0
p2_missing,plink2,scan,--missing,fam,2,24780,8396,12390,16304,16384,24780,100.0,1.0,100.0,100.0,0,0,0.001,0,24780,0,1,0.0
p2_hardy,plink2,scan,--hardy,bed,1901,248693753,1017,131072,131072,131072,248693753,100.0,1.0,99.9,99.9,248692736,1,2.887,248692736,248692736,1,1,100.0
p2_hardy,plink2,scan,--hardy,bim,201,25988112,16384,131072,131072,131072,25988112,100.0,1.0,100.0,100.0,0,0,0.274,0,25988112,1,0,100.0
p2_hardy,plink2,scan,--hardy,fam,2,24780,8396,12390,16304,16384,24780,100.0,1.0,100.0,100.0,0,0,0.001,0,24780,0,1,0.0
p2_het,plink2,scan,--het,bed,1901,248693753,1017,131072,131072,131072,248693753,100.0,1.0,99.9,99.9,248692736,1,2.715,248692736,248692736,1,1,100.0
p2_het,plink2,scan,--het,bim,201,25988112,16384,131072,131072,131072,25988112,100.0,1.0,100.0,100.0,0,0,0.27,0,25988112,1,0,100.0
p2_het,plink2,scan,--het,fam,2,24780,8396,12390,16304,16384,24780,100.0,1.0,100.0,100.0,0,0,0.004,0,24780,0,1,0.0
p19_make_bed,plink1.9,output,--make-bed,bed,1901,248693753,1017,131072,131072,131072,248693753,100.0,1.0,99.9,99.9,248692736,1,2.678,248692736,248692736,1,1,100.0
p19_make_bed,plink1.9,output,--make-bed,bim,201,25988112,16384,131072,131072,131072,25988112,100.0,1.0,100.0,100.0,0,0,0.333,0,25988112,1,0,100.0
p19_make_bed,plink1.9,output,--make-bed,fam,2,24780,8396,12390,16304,16384,24780,100.0,1.0,100.0,100.0,0,0,0.001,0,24780,0,1,0.0
p2_make_bed,plink2,output,--make-bed,bed,1901,248693753,1017,131072,131072,131072,248693753,100.0,1.0,99.9,99.9,248692736,1,5.024,248692736,248692736,1,1,100.0
p2_make_bed,plink2,output,--make-bed,bim,201,25988112,16384,131072,131072,131072,25988112,100.0,1.0,100.0,100.0,0,0,0.299,0,25988112,1,0,100.0
p2_make_bed,plink2,output,--make-bed,fam,2,24780,8396,12390,16304,16384,24780,100.0,1.0,100.0,100.0,0,0,0.002,0,24780,0,1,0.0
p19_recode_A,plink1.9,output,--recode A,bed,1901,248693753,1017,131072,131072,131072,248693753,100.0,1.0,99.9,99.9,248692736,1,2.866,248692736,248692736,1,1,100.0
p19_recode_A,plink1.9,output,--recode A,bim,201,25988112,16384,131072,131072,131072,25988112,100.0,1.0,100.0,100.0,0,0,0.321,0,25988112,1,0,100.0
p19_recode_A,plink1.9,output,--recode A,fam,2,24780,8396,12390,16304,16384,24780,100.0,1.0,100.0,100.0,0,0,0.0,0,24780,0,1,0.0
p2_export_A,plink2,output,--export A,bed,1901,248693753,1017,131072,131072,131072,248693753,100.0,1.0,99.9,99.9,248692736,1,3.155,248692736,248692736,1,1,100.0
p2_export_A,plink2,output,--export A,bim,201,25988112,16384,131072,131072,131072,25988112,100.0,1.0,100.0,100.0,0,0,0.316,0,25988112,1,0,100.0
p2_export_A,plink2,output,--export A,fam,2,24780,8396,12390,16304,16384,24780,100.0,1.0,100.0,100.0,0,0,0.0,0,24780,0,1,0.0
p19_freq_chr1,plink1.9,range_filter,--freq --chr 1,bed,90,11387897,1017,131072,131072,131072,11387897,4.58,1.0,98.9,98.9,248692736,1,0.13,248692736,11386880,1,1,99.99
p19_freq_chr1,plink1.9,range_filter,--freq --chr 1,bim,201,25988112,16384,131072,131072,131072,25988112,100.0,1.0,100.0,100.0,0,0,0.29,0,25988112,1,0,100.0
p19_freq_chr1,plink1.9,range_filter,--freq --chr 1,fam,2,24780,8396,12390,16304,16384,24780,100.0,1.0,100.0,100.0,0,0,0.001,0,24780,0,1,0.0
p19_freq_chr1_3,plink1.9,range_filter,--freq --chr 1-3,bed,257,33276921,1017,131072,131072,131072,33276921,13.38,1.0,99.6,99.6,248692736,1,0.381,248692736,33275904,1,1,100.0
p19_freq_chr1_3,plink1.9,range_filter,--freq --chr 1-3,bim,201,25988112,16384,131072,131072,131072,25988112,100.0,1.0,100.0,100.0,0,0,0.288,0,25988112,1,0,100.0
p19_freq_chr1_3,plink1.9,range_filter,--freq --chr 1-3,fam,2,24780,8396,12390,16304,16384,24780,100.0,1.0,100.0,100.0,0,0,0.001,0,24780,0,1,0.0
p2_freq_chr1,plink2,range_filter,--freq --chr 1,bed,90,11387897,1017,131072,131072,131072,11387897,4.58,1.0,98.9,98.9,248692736,1,0.127,248692736,11386880,1,1,99.99
p2_freq_chr1,plink2,range_filter,--freq --chr 1,bim,201,25988112,16384,131072,131072,131072,25988112,100.0,1.0,100.0,100.0,0,0,0.283,0,25988112,1,0,100.0
p2_freq_chr1,plink2,range_filter,--freq --chr 1,fam,2,24780,8396,12390,16304,16384,24780,100.0,1.0,100.0,100.0,0,0,0.001,0,24780,0,1,0.0
p2_freq_chr1_3,plink2,range_filter,--freq --chr 1-3,bed,257,33276921,1017,131072,131072,131072,33276921,13.38,1.0,99.6,99.6,248692736,1,0.347,248692736,33275904,1,1,100.0
p2_freq_chr1_3,plink2,range_filter,--freq --chr 1-3,bim,201,25988112,16384,131072,131072,131072,25988112,100.0,1.0,100.0,100.0,0,0,0.334,0,25988112,1,0,100.0
p2_freq_chr1_3,plink2,range_filter,--freq --chr 1-3,fam,2,24780,8396,12390,16304,16384,24780,100.0,1.0,100.0,100.0,0,0,0.001,0,24780,0,1,0.0
p19_freq_bp_window_chr1,plink1.9,range_filter,--freq --chr 1 --from-bp 0 --to-bp 100000,bed,11,1033209,1017,131072,131072,131072,1033209,0.42,1.0,90.0,90.0,248692736,1,0.022,248692736,1032192,1,1,99.9
p19_freq_bp_window_chr1,plink1.9,range_filter,--freq --chr 1 --from-bp 0 --to-bp 100000,bim,201,25988112,16384,131072,131072,131072,25988112,100.0,1.0,100.0,100.0,0,0,0.331,0,25988112,1,0,100.0
p19_freq_bp_window_chr1,plink1.9,range_filter,--freq --chr 1 --from-bp 0 --to-bp 100000,fam,2,24780,8396,12390,16304,16384,24780,100.0,1.0,100.0,100.0,0,0,0.0,0,24780,0,1,0.0
p2_freq_bp_window_chr1,plink2,range_filter,--freq --chr 1 --from-bp 0 --to-bp 100000,bed,11,1033209,1017,131072,131072,131072,1033209,0.42,1.0,90.0,90.0,248692736,1,0.013,248692736,1032192,1,1,99.9
p2_freq_bp_window_chr1,plink2,range_filter,--freq --chr 1 --from-bp 0 --to-bp 100000,bim,201,25988112,16384,131072,131072,131072,25988112,100.0,1.0,100.0,100.0,0,0,0.311,0,25988112,1,0,100.0
p2_freq_bp_window_chr1,plink2,range_filter,--freq --chr 1 --from-bp 0 --to-bp 100000,fam,2,24780,8396,12390,16304,16384,24780,100.0,1.0,100.0,100.0,0,0,0.001,0,24780,0,1,0.0
p19_freq_snp_range,plink1.9,range_filter,--freq --snp rs500000 --window 1000,bed,42,4854777,1017,131072,131072,131072,4854777,1.95,1.0,95.1,97.6,248692736,1,0.079,248692736,129359872,1,2,99.64
p19_freq_snp_range,plink1.9,range_filter,--freq --snp rs500000 --window 1000,bim,201,25988112,16384,131072,131072,131072,25988112,100.0,1.0,100.0,100.0,0,0,0.354,0,25988112,1,0,100.0
p19_freq_snp_range,plink1.9,range_filter,--freq --snp rs500000 --window 1000,fam,2,24780,8396,12390,16304,16384,24780,100.0,1.0,100.0,100.0,0,0,0.001,0,24780,0,1,0.0
p19_freq_extract_10,plink1.9,list_filter,--freq --extract <10 SNPs>,bed,12,70649,1017,4096,16384,16384,70649,0.03,1.0,9.1,90.9,248692736,1,0.01,248692736,223825920,0,11,0.0
p19_freq_extract_10,plink1.9,list_filter,--freq --extract <10 SNPs>,bim,201,25988112,16384,131072,131072,131072,25988112,100.0,1.0,100.0,100.0,0,0,0.334,0,25988112,1,0,100.0
p19_freq_extract_10,plink1.9,list_filter,--freq --extract <10 SNPs>,fam,2,24780,8396,12390,16304,16384,24780,100.0,1.0,100.0,100.0,0,0,0.001,0,24780,0,1,0.0
p19_freq_extract_1k,plink1.9,list_filter,--freq --extract <1k SNPs>,bed,1056,5010425,1017,4096,16384,16384,5010425,2.01,1.0,5.2,99.9,248692736,1,0.356,248692736,248254464,1,1,99.98
p19_freq_extract_1k,plink1.9,list_filter,--freq --extract <1k SNPs>,bim,201,25988112,16384,131072,131072,131072,25988112,100.0,1.0,100.0,100.0,0,0,0.266,0,25988112,1,0,100.0
p19_freq_extract_1k,plink1.9,list_filter,--freq --extract <1k SNPs>,fam,2,24780,8396,12390,16304,16384,24780,100.0,1.0,100.0,100.0,0,0,0.0,0,24780,0,1,0.0
p19_freq_extract_100k,plink1.9,list_filter,--freq --extract <100k SNPs>,bed,1721,225166329,1017,131072,131072,131072,225166329,90.54,1.0,99.9,99.9,248692736,1,2.439,248692736,225165312,1,1,100.0
p19_freq_extract_100k,plink1.9,list_filter,--freq --extract <100k SNPs>,bim,201,25988112,16384,131072,131072,131072,25988112,100.0,1.0,100.0,100.0,0,0,0.288,0,25988112,1,0,100.0
p19_freq_extract_100k,plink1.9,list_filter,--freq --extract <100k SNPs>,fam,2,24780,8396,12390,16304,16384,24780,100.0,1.0,100.0,100.0,0,0,0.0,0,24780,0,1,0.0
p19_freq_exclude_10,plink1.9,list_filter,--freq --exclude <10 SNPs>,bed,1901,248693753,1017,131072,131072,131072,248693753,100.0,1.0,99.9,99.9,248692736,1,2.799,248692736,248692736,1,1,100.0
p19_freq_exclude_10,plink1.9,list_filter,--freq --exclude <10 SNPs>,bim,201,25988112,16384,131072,131072,131072,25988112,100.0,1.0,100.0,100.0,0,0,0.306,0,25988112,1,0,100.0
p19_freq_exclude_10,plink1.9,list_filter,--freq --exclude <10 SNPs>,fam,2,24780,8396,12390,16304,16384,24780,100.0,1.0,100.0,100.0,0,0,0.001,0,24780,0,1,0.0
p2_freq_extract_10,plink2,list_filter,--freq --extract <10 SNPs>,bed,12,70649,1017,4096,16384,16384,70649,0.03,1.0,9.1,90.9,248692736,1,0.057,248692736,223825920,0,11,0.0
p2_freq_extract_10,plink2,list_filter,--freq --extract <10 SNPs>,bim,201,25988112,16384,131072,131072,131072,25988112,100.0,1.0,100.0,100.0,0,0,0.361,0,25988112,1,0,100.0
p2_freq_extract_10,plink2,list_filter,--freq --extract <10 SNPs>,fam,2,24780,8396,12390,16304,16384,24780,100.0,1.0,100.0,100.0,0,0,0.001,0,24780,0,1,0.0
p2_freq_extract_1k,plink2,list_filter,--freq --extract <1k SNPs>,bed,1056,5010425,1017,4096,16384,16384,5010425,2.01,1.0,5.2,99.9,248692736,1,0.342,248692736,248254464,1,1,99.98
p2_freq_extract_1k,plink2,list_filter,--freq --extract <1k SNPs>,bim,201,25988112,16384,131072,131072,131072,25988112,100.0,1.0,100.0,100.0,0,0,0.407,0,25988112,1,0,100.0
p2_freq_extract_1k,plink2,list_filter,--freq --extract <1k SNPs>,fam,2,24780,8396,12390,16304,16384,24780,100.0,1.0,100.0,100.0,0,0,0.001,0,24780,0,1,0.0
p2_freq_extract_100k,plink2,list_filter,--freq --extract <100k SNPs>,bed,1721,225166329,1017,131072,131072,131072,225166329,90.54,1.0,99.9,99.9,248692736,1,2.726,248692736,225165312,1,1,100.0
p2_freq_extract_100k,plink2,list_filter,--freq --extract <100k SNPs>,bim,201,25988112,16384,131072,131072,131072,25988112,100.0,1.0,100.0,100.0,0,0,0.31,0,25988112,1,0,100.0
p2_freq_extract_100k,plink2,list_filter,--freq --extract <100k SNPs>,fam,2,24780,8396,12390,16304,16384,24780,100.0,1.0,100.0,100.0,0,0,0.001,0,24780,0,1,0.0
p19_freq_keep_10,plink1.9,sample_filter,--freq --keep <10 samples>,bed,1901,248693753,1017,131072,131072,131072,248693753,100.0,1.0,99.9,99.9,248692736,1,2.858,248692736,248692736,1,1,100.0
p19_freq_keep_10,plink1.9,sample_filter,--freq --keep <10 samples>,bim,201,25988112,16384,131072,131072,131072,25988112,100.0,1.0,100.0,100.0,0,0,0.293,0,25988112,1,0,100.0
p19_freq_keep_10,plink1.9,sample_filter,--freq --keep <10 samples>,fam,2,24780,8396,12390,16304,16384,24780,100.0,1.0,100.0,100.0,0,0,0.0,0,24780,0,1,0.0
p19_freq_remove_10,plink1.9,sample_filter,--freq --remove <10 samples>,bed,1901,248693753,1017,131072,131072,131072,248693753,100.0,1.0,99.9,99.9,248692736,1,2.756,248692736,248692736,1,1,100.0
p19_freq_remove_10,plink1.9,sample_filter,--freq --remove <10 samples>,bim,201,25988112,16384,131072,131072,131072,25988112,100.0,1.0,100.0,100.0,0,0,0.307,0,25988112,1,0,100.0
p19_freq_remove_10,plink1.9,sample_filter,--freq --remove <10 samples>,fam,2,24780,8396,12390,16304,16384,24780,100.0,1.0,100.0,100.0,0,0,0.001,0,24780,0,1,0.0
p2_freq_keep_10,plink2,sample_filter,--freq --keep <10 samples>,bed,1901,248693753,1017,131072,131072,131072,248693753,100.0,1.0,99.9,99.9,248692736,1,2.724,248692736,248692736,1,1,100.0
p2_freq_keep_10,plink2,sample_filter,--freq --keep <10 samples>,bim,201,25988112,16384,131072,131072,131072,25988112,100.0,1.0,100.0,100.0,0,0,0.315,0,25988112,1,0,100.0
p2_freq_keep_10,plink2,sample_filter,--freq --keep <10 samples>,fam,2,24780,8396,12390,16304,16384,24780,100.0,1.0,100.0,100.0,0,0,0.0,0,24780,0,1,0.0
p19_freq_maf,plink1.9,quality_filter,--freq --maf 0.05,bed,1901,248693753,1017,131072,131072,131072,248693753,100.0,1.0,99.9,99.9,248692736,1,2.736,248692736,248692736,1,1,100.0
p19_freq_maf,plink1.9,quality_filter,--freq --maf 0.05,bim,201,25988112,16384,131072,131072,131072,25988112,100.0,1.0,100.0,100.0,0,0,0.321,0,25988112,1,0,100.0
p19_freq_maf,plink1.9,quality_filter,--freq --maf 0.05,fam,2,24780,8396,12390,16304,16384,24780,100.0,1.0,100.0,100.0,0,0,0.0,0,24780,0,1,0.0
p19_freq_geno,plink1.9,quality_filter,--freq --geno 0.05,bed,1901,248693753,1017,131072,131072,131072,248693753,100.0,1.0,99.9,99.9,248692736,1,2.753,248692736,248692736,1,1,100.0
p19_freq_geno,plink1.9,quality_filter,--freq --geno 0.05,bim,201,25988112,16384,131072,131072,131072,25988112,100.0,1.0,100.0,100.0,0,0,0.338,0,25988112,1,0,100.0
p19_freq_geno,plink1.9,quality_filter,--freq --geno 0.05,fam,2,24780,8396,12390,16304,16384,24780,100.0,1.0,100.0,100.0,0,0,0.001,0,24780,0,1,0.0
p19_freq_maf_geno,plink1.9,quality_filter,--freq --maf 0.05 --geno 0.05,bed,1901,248693753,1017,131072,131072,131072,248693753,100.0,1.0,99.9,99.9,248692736,1,2.726,248692736,248692736,1,1,100.0
p19_freq_maf_geno,plink1.9,quality_filter,--freq --maf 0.05 --geno 0.05,bim,201,25988112,16384,131072,131072,131072,25988112,100.0,1.0,100.0,100.0,0,0,0.3,0,25988112,1,0,100.0
p19_freq_maf_geno,plink1.9,quality_filter,--freq --maf 0.05 --geno 0.05,fam,2,24780,8396,12390,16304,16384,24780,100.0,1.0,100.0,100.0,0,0,0.001,0,24780,0,1,0.0
p2_freq_maf,plink2,quality_filter,--freq --maf 0.05,bed,1901,248693753,1017,131072,131072,131072,248693753,100.0,1.0,99.9,99.9,248692736,1,2.692,248692736,248692736,1,1,100.0
p2_freq_maf,plink2,quality_filter,--freq --maf 0.05,bim,201,25988112,16384,131072,131072,131072,25988112,100.0,1.0,100.0,100.0,0,0,0.291,0,25988112,1,0,100.0
p2_freq_maf,plink2,quality_filter,--freq --maf 0.05,fam,2,24780,8396,12390,16304,16384,24780,100.0,1.0,100.0,100.0,0,0,0.001,0,24780,0,1,0.0
p19_indep_pairwise,plink1.9,ld,--indep-pairwise 50 5 0.1,bed,1901,248693753,1017,131072,131072,131072,248693753,100.0,1.0,99.9,99.9,248692736,1,2.722,248692736,248692736,1,1,100.0
p19_indep_pairwise,plink1.9,ld,--indep-pairwise 50 5 0.1,bim,201,25988112,16384,131072,131072,131072,25988112,100.0,1.0,100.0,100.0,0,0,0.327,0,25988112,1,0,100.0
p19_indep_pairwise,plink1.9,ld,--indep-pairwise 50 5 0.1,fam,2,24780,8396,12390,16304,16384,24780,100.0,1.0,100.0,100.0,0,0,0.001,0,24780,0,1,0.0
p2_indep_pairwise,plink2,ld,--indep-pairwise 50 5 0.1,bed,1901,248693753,1017,131072,131072,131072,248693753,100.0,1.0,99.9,99.9,248692736,1,2.816,248692736,248692736,1,1,100.0
p2_indep_pairwise,plink2,ld,--indep-pairwise 50 5 0.1,bim,201,25988112,16384,131072,131072,131072,25988112,100.0,1.0,100.0,100.0,0,0,0.333,0,25988112,1,0,100.0
p2_indep_pairwise,plink2,ld,--indep-pairwise 50 5 0.1,fam,2,24780,8396,12390,16304,16384,24780,100.0,1.0,100.0,100.0,0,0,0.001,0,24780,0,1,0.0
p19_ld_single_pair,plink1.9,ld,--ld rs100 rs101,bed,1901,248693753,1017,131072,131072,131072,248693753,100.0,1.0,99.9,99.9,248692736,1,3.096,248692736,248692736,1,1,100.0
p19_ld_single_pair,plink1.9,ld,--ld rs100 rs101,bim,201,25988112,16384,131072,131072,131072,25988112,100.0,1.0,100.0,100.0,0,0,0.425,0,25988112,1,0,100.0
p19_ld_single_pair,plink1.9,ld,--ld rs100 rs101,fam,2,24780,8396,12390,16304,16384,24780,100.0,1.0,100.0,100.0,0,0,0.001,0,24780,0,1,0.0
p19_r2_window,plink1.9,ld,--r2 --ld-window-r2 0.2,bed,1901,248693753,1017,131072,131072,131072,248693753,100.0,1.0,99.9,99.9,248692736,1,2.922,248692736,248692736,1,1,100.0
p19_r2_window,plink1.9,ld,--r2 --ld-window-r2 0.2,bim,201,25988112,16384,131072,131072,131072,25988112,100.0,1.0,100.0,100.0,0,0,0.304,0,25988112,1,0,100.0
p19_r2_window,plink1.9,ld,--r2 --ld-window-r2 0.2,fam,2,24780,8396,12390,16304,16384,24780,100.0,1.0,100.0,100.0,0,0,0.001,0,24780,0,1,0.0
p19_pca,plink1.9,pca,--pca 10,bed,1901,248693753,1017,131072,131072,131072,248693753,100.0,1.0,99.9,99.9,248692736,1,2.899,248692736,248692736,1,1,100.0
p19_pca,plink1.9,pca,--pca 10,bim,201,25988112,16384,131072,131072,131072,25988112,100.0,1.0,100.0,100.0,0,0,0.335,0,25988112,1,0,100.0
p19_pca,plink1.9,pca,--pca 10,fam,2,24780,8396,12390,16304,16384,24780,100.0,1.0,100.0,100.0,0,0,0.001,0,24780,0,1,0.0
p2_pca_approx,plink2,pca,--pca approx 10,bed,1901,248693753,1017,131072,131072,131072,248693753,100.0,1.0,99.9,99.9,248692736,1,2.782,248692736,248692736,1,1,100.0
p2_pca_approx,plink2,pca,--pca approx 10,bim,201,25988112,16384,131072,131072,131072,25988112,100.0,1.0,100.0,100.0,0,0,0.288,0,25988112,1,0,100.0
p2_pca_approx,plink2,pca,--pca approx 10,fam,2,24780,8396,12390,16304,16384,24780,100.0,1.0,100.0,100.0,0,0,0.001,0,24780,0,1,0.0
p19_grm_bin,plink1.9,grm,--make-grm-bin,bed,1901,248693753,1017,131072,131072,131072,248693753,100.0,1.0,99.9,99.9,248692736,1,2.754,248692736,248692736,1,1,100.0
p19_grm_bin,plink1.9,grm,--make-grm-bin,bim,201,25988112,16384,131072,131072,131072,25988112,100.0,1.0,100.0,100.0,0,0,0.283,0,25988112,1,0,100.0
p19_grm_bin,plink1.9,grm,--make-grm-bin,fam,2,24780,8396,12390,16304,16384,24780,100.0,1.0,100.0,100.0,0,0,0.001,0,24780,0,1,0.0
p2_make_king,plink2,grm,--make-king,bed,1901,248693753,1017,131072,131072,131072,248693753,100.0,1.0,99.9,99.9,248692736,1,2.885,248692736,248692736,1,1,100.0
p2_make_king,plink2,grm,--make-king,bim,201,25988112,16384,131072,131072,131072,25988112,100.0,1.0,100.0,100.0,0,0,0.309,0,25988112,1,0,100.0
p2_make_king,plink2,grm,--make-king,fam,2,24780,8396,12390,16304,16384,24780,100.0,1.0,100.0,100.0,0,0,0.001,0,24780,0,1,0.0
p19_linear,plink1.9,gwas,--linear --pheno <random>,bed,1901,248693753,1017,131072,131072,131072,248693753,100.0,1.0,99.9,99.9,248692736,1,2.892,248692736,248692736,1,1,100.0
p19_linear,plink1.9,gwas,--linear --pheno <random>,bim,201,25988112,16384,131072,131072,131072,25988112,100.0,1.0,100.0,100.0,0,0,0.323,0,25988112,1,0,100.0
p19_linear,plink1.9,gwas,--linear --pheno <random>,fam,2,24780,8396,12390,16304,16384,24780,100.0,1.0,100.0,100.0,0,0,0.001,0,24780,0,1,0.0
p2_glm,plink2,gwas,--glm --pheno <random>,bed,1901,248693753,1017,131072,131072,131072,248693753,100.0,1.0,99.9,99.9,248692736,1,2.899,248692736,248692736,1,1,100.0
p2_glm,plink2,gwas,--glm --pheno <random>,bim,201,25988112,16384,131072,131072,131072,25988112,100.0,1.0,100.0,100.0,0,0,0.285,0,25988112,1,0,100.0
p2_glm,plink2,gwas,--glm --pheno <random>,fam,2,24780,8396,12390,16304,16384,24780,100.0,1.0,100.0,100.0,0,0,0.001,0,24780,0,1,0.0
p19_freq_t8,plink1.9,scan_t8,--freq --threads 8,bed,1901,248693753,1017,131072,131072,131072,248693753,100.0,1.0,99.9,99.9,248692736,1,2.842,248692736,248692736,1,1,100.0
p19_freq_t8,plink1.9,scan_t8,--freq --threads 8,bim,201,25988112,16384,131072,131072,131072,25988112,100.0,1.0,100.0,100.0,0,0,0.287,0,25988112,1,0,100.0
p19_freq_t8,plink1.9,scan_t8,--freq --threads 8,fam,2,24780,8396,12390,16304,16384,24780,100.0,1.0,100.0,100.0,0,0,0.0,0,24780,0,1,0.0
p19_missing_t8,plink1.9,scan_t8,--missing --threads 8,bed,1901,248693753,1017,131072,131072,131072,248693753,100.0,1.0,99.9,99.9,248692736,1,2.911,248692736,248692736,1,1,100.0
p19_missing_t8,plink1.9,scan_t8,--missing --threads 8,bim,201,25988112,16384,131072,131072,131072,25988112,100.0,1.0,100.0,100.0,0,0,0.405,0,25988112,1,0,100.0
p19_missing_t8,plink1.9,scan_t8,--missing --threads 8,fam,2,24780,8396,12390,16304,16384,24780,100.0,1.0,100.0,100.0,0,0,0.0,0,24780,0,1,0.0
p19_hardy_t8,plink1.9,scan_t8,--hardy --threads 8,bed,1901,248693753,1017,131072,131072,131072,248693753,100.0,1.0,99.9,99.9,248692736,1,2.931,248692736,248692736,1,1,100.0
p19_hardy_t8,plink1.9,scan_t8,--hardy --threads 8,bim,201,25988112,16384,131072,131072,131072,25988112,100.0,1.0,100.0,100.0,0,0,0.35,0,25988112,1,0,100.0
p19_hardy_t8,plink1.9,scan_t8,--hardy --threads 8,fam,2,24780,8396,12390,16304,16384,24780,100.0,1.0,100.0,100.0,0,0,0.001,0,24780,0,1,0.0
p19_het_t8,plink1.9,scan_t8,--het --threads 8,bed,1901,248693753,1017,131072,131072,131072,248693753,100.0,1.0,99.9,99.9,248692736,1,2.901,248692736,248692736,1,1,100.0
p19_het_t8,plink1.9,scan_t8,--het --threads 8,bim,201,25988112,16384,131072,131072,131072,25988112,100.0,1.0,100.0,100.0,0,0,0.347,0,25988112,1,0,100.0
p19_het_t8,plink1.9,scan_t8,--het --threads 8,fam,2,24780,8396,12390,16304,16384,24780,100.0,1.0,100.0,100.0,0,0,0.001,0,24780,0,1,0.0
p2_freq_t8,plink2,scan_t8,--freq --threads 8,bed,1901,248693753,1017,131072,131072,131072,248693753,100.0,1.0,99.9,99.9,248692736,1,2.789,248692736,248692736,1,1,100.0
p2_freq_t8,plink2,scan_t8,--freq --threads 8,bim,201,25988112,16384,131072,131072,131072,25988112,100.0,1.0,100.0,100.0,0,0,0.321,0,25988112,1,0,100.0
p2_freq_t8,plink2,scan_t8,--freq --threads 8,fam,2,24780,8396,12390,16304,16384,24780,100.0,1.0,100.0,100.0,0,0,0.001,0,24780,0,1,0.0
p2_missing_t8,plink2,scan_t8,--missing --threads 8,bed,1901,248693753,1017,131072,131072,131072,248693753,100.0,1.0,99.9,99.9,248692736,1,2.916,248692736,248692736,1,1,100.0
p2_missing_t8,plink2,scan_t8,--missing --threads 8,bim,201,25988112,16384,131072,131072,131072,25988112,100.0,1.0,100.0,100.0,0,0,0.32,0,25988112,1,0,100.0
p2_missing_t8,plink2,scan_t8,--missing --threads 8,fam,2,24780,8396,12390,16304,16384,24780,100.0,1.0,100.0,100.0,0,0,0.001,0,24780,0,1,0.0
p2_hardy_t8,plink2,scan_t8,--hardy --threads 8,bed,1901,248693753,1017,131072,131072,131072,248693753,100.0,1.0,99.9,99.9,248692736,1,2.817,248692736,248692736,1,1,100.0
p2_hardy_t8,plink2,scan_t8,--hardy --threads 8,bim,201,25988112,16384,131072,131072,131072,25988112,100.0,1.0,100.0,100.0,0,0,0.348,0,25988112,1,0,100.0
p2_hardy_t8,plink2,scan_t8,--hardy --threads 8,fam,2,24780,8396,12390,16304,16384,24780,100.0,1.0,100.0,100.0,0,0,0.001,0,24780,0,1,0.0
p2_het_t8,plink2,scan_t8,--het --threads 8,bed,1901,248693753,1017,131072,131072,131072,248693753,100.0,1.0,99.9,99.9,248692736,1,2.845,248692736,248692736,1,1,100.0
p2_het_t8,plink2,scan_t8,--het --threads 8,bim,201,25988112,16384,131072,131072,131072,25988112,100.0,1.0,100.0,100.0,0,0,0.339,0,25988112,1,0,100.0
p2_het_t8,plink2,scan_t8,--het --threads 8,fam,2,24780,8396,12390,16304,16384,24780,100.0,1.0,100.0,100.0,0,0,0.001,0,24780,0,1,0.0
p19_make_bed_t8,plink1.9,output_t8,--make-bed --threads 8,bed,1901,248693753,1017,131072,131072,131072,248693753,100.0,1.0,99.9,99.9,248692736,1,2.883,248692736,248692736,1,1,100.0
p19_make_bed_t8,plink1.9,output_t8,--make-bed --threads 8,bim,201,25988112,16384,131072,131072,131072,25988112,100.0,1.0,100.0,100.0,0,0,0.277,0,25988112,1,0,100.0
p19_make_bed_t8,plink1.9,output_t8,--make-bed --threads 8,fam,2,24780,8396,12390,16304,16384,24780,100.0,1.0,100.0,100.0,0,0,0.001,0,24780,0,1,0.0
p2_make_bed_t8,plink2,output_t8,--make-bed --threads 8,bed,1901,248693753,1017,131072,131072,131072,248693753,100.0,1.0,99.9,99.9,248692736,1,5.271,248692736,248692736,1,1,100.0
p2_make_bed_t8,plink2,output_t8,--make-bed --threads 8,bim,201,25988112,16384,131072,131072,131072,25988112,100.0,1.0,100.0,100.0,0,0,0.374,0,25988112,1,0,100.0
p2_make_bed_t8,plink2,output_t8,--make-bed --threads 8,fam,2,24780,8396,12390,16304,16384,24780,100.0,1.0,100.0,100.0,0,0,0.001,0,24780,0,1,0.0
p19_recode_A_t8,plink1.9,output_t8,--recode A --threads 8,bed,1901,248693753,1017,131072,131072,131072,248693753,100.0,1.0,99.9,99.9,248692736,1,2.852,248692736,248692736,1,1,100.0
p19_recode_A_t8,plink1.9,output_t8,--recode A --threads 8,bim,201,25988112,16384,131072,131072,131072,25988112,100.0,1.0,100.0,100.0,0,0,0.326,0,25988112,1,0,100.0
p19_recode_A_t8,plink1.9,output_t8,--recode A --threads 8,fam,2,24780,8396,12390,16304,16384,24780,100.0,1.0,100.0,100.0,0,0,0.001,0,24780,0,1,0.0
p2_export_A_t8,plink2,output_t8,--export A --threads 8,bed,1901,248693753,1017,131072,131072,131072,248693753,100.0,1.0,99.9,99.9,248692736,1,3.531,248692736,248692736,1,1,100.0
p2_export_A_t8,plink2,output_t8,--export A --threads 8,bim,201,25988112,16384,131072,131072,131072,25988112,100.0,1.0,100.0,100.0,0,0,0.345,0,25988112,1,0,100.0
p2_export_A_t8,plink2,output_t8,--export A --threads 8,fam,2,24780,8396,12390,16304,16384,24780,100.0,1.0,100.0,100.0,0,0,0.001,0,24780,0,1,0.0
p19_indep_pairwise_t8,plink1.9,ld_t8,--indep-pairwise 50 5 0.1 --threads 8,bed,1901,248693753,1017,131072,131072,131072,248693753,100.0,1.0,99.9,99.9,248692736,1,2.993,248692736,248692736,1,1,100.0
p19_indep_pairwise_t8,plink1.9,ld_t8,--indep-pairwise 50 5 0.1 --threads 8,bim,201,25988112,16384,131072,131072,131072,25988112,100.0,1.0,100.0,100.0,0,0,0.296,0,25988112,1,0,100.0
p19_indep_pairwise_t8,plink1.9,ld_t8,--indep-pairwise 50 5 0.1 --threads 8,fam,2,24780,8396,12390,16304,16384,24780,100.0,1.0,100.0,100.0,0,0,0.0,0,24780,0,1,0.0
p2_indep_pairwise_t8,plink2,ld_t8,--indep-pairwise 50 5 0.1 --threads 8,bed,1901,248693753,1017,131072,131072,131072,248693753,100.0,1.0,99.9,99.9,248692736,1,3.048,248692736,248692736,1,1,100.0
p2_indep_pairwise_t8,plink2,ld_t8,--indep-pairwise 50 5 0.1 --threads 8,bim,201,25988112,16384,131072,131072,131072,25988112,100.0,1.0,100.0,100.0,0,0,0.297,0,25988112,1,0,100.0
p2_indep_pairwise_t8,plink2,ld_t8,--indep-pairwise 50 5 0.1 --threads 8,fam,2,24780,8396,12390,16304,16384,24780,100.0,1.0,100.0,100.0,0,0,0.001,0,24780,0,1,0.0
p19_r2_window_t8,plink1.9,ld_t8,--r2 --ld-window-r2 0.2 --threads 8,bed,1901,248693753,1017,131072,131072,131072,248693753,100.0,1.0,99.9,99.9,248692736,1,2.554,248692736,248692736,1,1,100.0
p19_r2_window_t8,plink1.9,ld_t8,--r2 --ld-window-r2 0.2 --threads 8,bim,201,25988112,16384,131072,131072,131072,25988112,100.0,1.0,100.0,100.0,0,0,0.274,0,25988112,1,0,100.0
p19_r2_window_t8,plink1.9,ld_t8,--r2 --ld-window-r2 0.2 --threads 8,fam,2,24780,8396,12390,16304,16384,24780,100.0,1.0,100.0,100.0,0,0,0.0,0,24780,0,1,0.0
p19_pca_t8,plink1.9,pca_t8,--pca 10 --threads 8,bed,1901,248693753,1017,131072,131072,131072,248693753,100.0,1.0,99.9,99.9,248692736,1,2.5,248692736,248692736,1,1,100.0
p19_pca_t8,plink1.9,pca_t8,--pca 10 --threads 8,bim,201,25988112,16384,131072,131072,131072,25988112,100.0,1.0,100.0,100.0,0,0,0.287,0,25988112,1,0,100.0
p19_pca_t8,plink1.9,pca_t8,--pca 10 --threads 8,fam,2,24780,8396,12390,16304,16384,24780,100.0,1.0,100.0,100.0,0,0,0.001,0,24780,0,1,0.0
p2_pca_approx_t8,plink2,pca_t8,--pca approx 10 --threads 8,bed,1901,248693753,1017,131072,131072,131072,248693753,100.0,1.0,99.9,99.9,248692736,1,2.908,248692736,248692736,1,1,100.0
p2_pca_approx_t8,plink2,pca_t8,--pca approx 10 --threads 8,bim,201,25988112,16384,131072,131072,131072,25988112,100.0,1.0,100.0,100.0,0,0,0.262,0,25988112,1,0,100.0
p2_pca_approx_t8,plink2,pca_t8,--pca approx 10 --threads 8,fam,2,24780,8396,12390,16304,16384,24780,100.0,1.0,100.0,100.0,0,0,0.001,0,24780,0,1,0.0
p19_grm_bin_t8,plink1.9,grm_t8,--make-grm-bin --threads 8,bed,1901,248693753,1017,131072,131072,131072,248693753,100.0,1.0,99.9,99.9,248692736,1,2.734,248692736,248692736,1,1,100.0
p19_grm_bin_t8,plink1.9,grm_t8,--make-grm-bin --threads 8,bim,201,25988112,16384,131072,131072,131072,25988112,100.0,1.0,100.0,100.0,0,0,0.269,0,25988112,1,0,100.0
p19_grm_bin_t8,plink1.9,grm_t8,--make-grm-bin --threads 8,fam,2,24780,8396,12390,16304,16384,24780,100.0,1.0,100.0,100.0,0,0,0.001,0,24780,0,1,0.0
p2_make_king_t8,plink2,grm_t8,--make-king --threads 8,bed,1901,248693753,1017,131072,131072,131072,248693753,100.0,1.0,99.9,99.9,248692736,1,2.784,248692736,248692736,1,1,100.0
p2_make_king_t8,plink2,grm_t8,--make-king --threads 8,bim,201,25988112,16384,131072,131072,131072,25988112,100.0,1.0,100.0,100.0,0,0,0.303,0,25988112,1,0,100.0
p2_make_king_t8,plink2,grm_t8,--make-king --threads 8,fam,2,24780,8396,12390,16304,16384,24780,100.0,1.0,100.0,100.0,0,0,0.001,0,24780,0,1,0.0
p19_linear_t8,plink1.9,gwas_t8,--linear --pheno <random> --threads 8,bed,1901,248693753,1017,131072,131072,131072,248693753,100.0,1.0,99.9,99.9,248692736,1,2.658,248692736,248692736,1,1,100.0
p19_linear_t8,plink1.9,gwas_t8,--linear --pheno <random> --threads 8,bim,201,25988112,16384,131072,131072,131072,25988112,100.0,1.0,100.0,100.0,0,0,0.264,0,25988112,1,0,100.0
p19_linear_t8,plink1.9,gwas_t8,--linear --pheno <random> --threads 8,fam,2,24780,8396,12390,16304,16384,24780,100.0,1.0,100.0,100.0,0,0,0.0,0,24780,0,1,0.0
p2_glm_t8,plink2,gwas_t8,--glm --pheno <random> --threads 8,bed,1901,248693753,1017,131072,131072,131072,248693753,100.0,1.0,99.9,99.9,248692736,1,2.727,248692736,248692736,1,1,100.0
p2_glm_t8,plink2,gwas_t8,--glm --pheno <random> --threads 8,bim,201,25988112,16384,131072,131072,131072,25988112,100.0,1.0,100.0,100.0,0,0,0.359,0,25988112,1,0,100.0
p2_glm_t8,plink2,gwas_t8,--glm --pheno <random> --threads 8,fam,2,24780,8396,12390,16304,16384,24780,100.0,1.0,100.0,100.0,0,0,0.001,0,24780,0,1,0.0
